{"cameraMode":{"drawMode":0,"name":"Shaded","section":"Shading Mode"},"sceneLighting":true,"audioPlay":false,"sceneViewState":{"m_AlwaysRefresh":false,"showFog":true,"showSkybox":true,"showFlares":true,"showImageEffects":true,"showParticleSystems":true,"showVisualEffectGraphs":true,"m_FxEnabled":true},"in2DMode":false,"pivot":{"x":1.619168996810913,"y":1.4300000667572022,"z":10.164873123168946},"rotation":{"x":-0.16009502112865449,"y":-0.01717446930706501,"z":0.002794029889628291,"w":-0.9869623184204102},"size":12.12435531616211,"orthographic":false}